iter	Logloss
0	0.3133319237
1	0.1703702658
2	0.09778935146
3	0.0575511018
4	0.03434229012
5	0.02067587164
6	0.01249795682
7	0.007601108109
8	0.004644917687
9	0.002847476928
